genes,HiT,LpH
YALI1_E41251g,-2.47698969019224,-2.2370243531443
YALI1_E24343g,-1.51880482184717,-1.96503072682972
YALI1_B25553g,-1.02097281593269,-1.33735514909132
