genes,HiT,LpH
YALI1_B29419g,0.514817410767777,1.30410385671564
YALI1_E38706g,1.00366986221997,1.22684498671673
YALI1_F37916g,0.795326907051797,1.09445327934984
YALI1_D17493g,0.584948057612489,0.78882888498903
YALI1_C12941g,0.567239800885694,0.779737734427998
YALI1_F38317g,0.562511095590866,0.737901404182977
YALI1_F19899g,0.547611109978413,0.628751090954298
YALI1_C13410g,0.525576747381819,0.595873597709511
