genes,HiT,LpH
YALI1_A15105g,1.13325646431948,1.83967720193737
YALI1_E17389g,1.04983244569358,1.36541055772472
