genes,HiT,LpH
YALI1_E41251g,-2.32597174004928,-1.63489493273918
