genes,HiT,LpH,Osm
CENPK1137D_2661,2.52307357835487,2.83860068348082,1.92970542805583
CENPK1137D_4002,1.25760409261411,1.32340065885408,1.50280611693361
