"","logFC","-log10Pval"
"KMXK_0C05990",1.42565147053907,2.29550953913568
