genes,HiT,LpH,Osm
CENPK1137D_1987,2.64412358783574,2.66639361395075,3.20623620102015
