genes,HiT,LpH,Osm
CENPK1137D_19,-2.25242565831423,-2.07971712442883,-1.99284963243481
