genes,HiT,LpH,Osm
KMXK0E03750,1.34366743877596,1.57220885214714,2.46894131859522
