,logFC,-log10Pval
KMXK0C05990,1.61664889939446,3.86957856755335
