genes,HiT,LpH,Osm
CENPK1137D_19,-2.22362928085601,-2.0330499645684,-1.94503924779904
