,logFC,-log10Pval
CENPK1137D_4927,1.09374733983662,5.35396386899609
CENPK1137D_1111,-1.0408945988493,2.38837977042164
