genes,HiT,LpH,Osm
CENPK1137D_1987,2.68313448052265,2.72459214918517,3.26531981307424
