genes,HiT,LpH,Osm
KMXK0E03750,1.38607650853463,1.56826800466527,2.47401356093518
