genes,HiT,LpH,Osm
YOR028C,1.20488476331479,2.00151271960066,1.61119168512169
YER188C-A,1.86263521904471,0.884555909397499,1.02806450863395
YLR040C,1.3378268680798,1.3152797644346,1.13625634814097
YOR382W,0.840819714025193,1.14495935419502,1.55893272609845
