"","logFC","-log10Pval"
"KMXK0C05990",1.59714668931806,3.07732921111692
