genes,HiT,LpH,Osm
KLMA_50419,1.30907907762692,0.557325082284839,0.617823528335877
KMXK_0H01050,0.53390065473271,0.52475906632628,0.618431299129151
KLMA_40182,1.30055489536919,1.08472415769186,0.738125615139953
KLMA_40227,0.887684809289714,0.790818295911405,0.656400599410078
KLMA_40208,0.785865555194949,0.767004731452092,0.550870771061925
KLMA_30385,0.512410209650187,0.667049621360294,0.502841857216692
