genes,HiT,LpH,Osm
KMXK_0H04430,-2.02592691996551,-0.808514230579176,-3.09773179666454
KMXK_0H04290,-2.3969804515691,-1.22555546430317,-2.12673824988964
KMXK_0A06440,-2.24301777431884,-0.869398587977697,-1.19671837177269
KMXK_0H00650,-0.669291924701585,-1.19778996418612,-0.630616031576045
KMXK_0D00960,-0.649356301494898,-0.685850503223909,-0.618686395366608
