genes,HiT,LpH,Osm
KMXK0E03750,1.44332694265575,1.54993034323141,2.39270248328341
