genes,HiT,LpH,Osm
CENPK1137D_19,-2.22362928085601,-2.0330499645684,-2.25663183128389
CENPK1137D_4279,-0.908215822900779,-1.2125613391366,-1.94503924779904
