genes,HiT,LpH,Osm
YOR028C,1.20488476331479,2.00151271960066,1.02806450863395
YER188C-A,1.86263521904471,1.3152797644346,1.13625634814097
YLR040C,1.3378268680798,1.14495935419502,1.55893272609845
