genes,HiT,LpH,Osm
RDN5-1,-3.99081036211569,-1.86568035604628,-1.97619368524729
YMR015C,-1.39132221027632,-1.00370469254734,-1.40019873921517
YPL274W,-1.19950104513118,-1.06222243124856,-1.43632597675345
YNL280C,-1.31169105872772,-1.01890833273084,-2.45292085659488
