genes,HiT,LpH,Osm
YOR214C,2.72626472329417,1.81254596171865,2.01301107104333
YER188C-A,1.81117911657875,1.67429276045905,2.60286542074091
YOR028C,1.18540241344218,1.32609536556167,1.08420344685286
YHL044W,1.40348450445091,1.51081674566151,1.32348444682169
