genes,HiT,LpH,Osm
RDN5-1,-3.98848166985637,-1.85031475909167,-2.46204580987597
YMR015C,-1.39137870436228,-1.04096925270915,-1.44432995048845
