genes,HiT,LpH,Osm
YMR015C,-1.39327000552352,-1.03484784700961,-1.45133901058439
YLL025W,-1.04173486945623,-1.15187463313101,-1.95075607435316
