genes,HiT,LpH,Osm
CENPK1137D_2661,2.51798635564424,2.83140106506762,1.98260335244958
CENPK1137D_4002,1.25740614906838,1.31859736865581,1.56047333056893
