genes,HiT,LpH,Osm
CENPK1137D_2827,-1.8275578998202,-1.17941796752786,-1.22207186944361
CENPK1137D_1249,-1.03297062309963,-1.98058130306802,-1.2843536087116
CENPK1137D_4784,-1.3097668294455,-1.09302479609335,-1.16934903610655
CENPK1137D_2671,-1.01720662161413,-1.41961600824874,-1.24340160533657
CENPK1137D_240,-1.08175689790178,-1.19068470629879,-1.2198557762808
