genes,HiT,LpH,Osm
YNL015W,2.48002689613405,2.8157204854421,1.98620988878775
YDR178W,1.21763413641204,1.30025727744644,1.56233695996523
