genes,HiT,LpH,Osm
CENPK1137D_44,-1.39244209878945,-1.05014107053221,-1.97956764043196
CENPK1137D_2760,-1.30976268787986,-1.00335914773476,-1.4397993965632
