genes,HiT,LpH,Osm
CENPK1137D_5307,1.46502989178577,1.52760028898298,2.64646218550585
CENPK1137D_2050,1.30761954918163,1.48313860421185,1.0932904163423
