genes,HiT,LpH,Osm
CENPK1137D_44,-1.3923847909413,-1.0030775224526,-1.97286410913409
CENPK1137D_1524,-1.20082972784305,-1.06513427884054,-1.39480987907766
CENPK1137D_2760,-1.30945317289904,-1.01790755038495,-1.4326672094896
