genes,HiT,LpH,Osm
CENPK1137D_44,-1.39916933861892,-1.04884482492076,-1.44297216693312
