genes,HiT,LpH,Osm
YOR214C,2.7232108520252,1.81100010738515,2.01253791287275
YER188C-A,1.80810032653251,1.32496368453101,1.55012999279746
YOR028C,1.18280996249465,1.67275027074729,2.60260271161276
YOR382W,0.792001002436338,0.85255370140533,1.08419630756436
YHL044W,1.40056915120466,1.50961624113693,1.32307694997423
