"","logFC","-log10Pval"
"YALI1_B18572g",-1.65942635520301,7.30586380663728
"YALI1_E36437g",1.29063298920286,4.54319877305157
