genes,HiT,LpH
YALI1_E41251g,-2.36412672934662,-1.63966391544761
