,logFC,-log10Pval
KMXK0C05990,1.60226723714052,2.34828664108551
