genes,logFC,logCPM,PValue,FDR
KMXK0F03310,1.58168728712889,7.59087858964106,1.88950312587594e-06,0.00159285113511342
KMXK0E03750,1.56826800466527,8.96208348874387,9.26167939133947e-06,0.00390379786344958
KMXK0C05990,1.60226723714052,13.0558207405421,1.59590501332492e-05,0.00448449308744303
