genes,HiT,LpH,Osm
KMXK0F03890,0.775799617109656,1.24258234317426,2.68038279372406
