genes,HiT,LpH,Osm
KMXK0C03420,-1.58014175542667,-1.86069251902421,-3.09661396757622
KMXK0B01120,-3.10218292314584,-2.11244559162433,-1.70625024822075
KMXK0A02950,-1.84709246097284,-1.07798740388782,-2.24566644982139
KMXK0G00390,-1.19453120325384,-1.32259027622814,-2.20210082519146
KMXK0B04680,-1.36138906070213,-0.919163178281814,-2.78409840270684
KMXK0C03250,-1.53184407790178,-1.34779103291031,-1.75401112975436
