genes,HiT,LpH,Osm
KMXK_0A01830,1.45752032466225,1.49232872786046,0.758089165694466
