genes,HiT,LpH,Osm
KMXK_0F03890,0.7727088200544,1.24823956487572,2.67824483152222
