genes,HiT,LpH,Osm
KMXK0C03420,-1.58458448043779,-3.09775351892508,-1.86097065961936
KMXK0H02920,-1.0389920838067,-1.70741857438332,-1.07822603030436
KMXK0A02950,-1.84860376346068,-2.24681217137437,-0.753202708494535
KMXK0B01990,-1.00102507002083,-2.20327398396908,-1.32283660242896
KMXK0G00390,-1.19600103760994,-0.902071579762472,-0.919441260465864
KMXK0B04680,-1.36432195226432,-0.868401274175803,-0.625410536064475
KMXK0C03250,-1.53282271367093,-0.896255443008008,-1.3480046111935
KMXK0F05320,-0.546886133089801,-1.75512399141874,-0.615626747532062
KMXK0G00200,-0.533584182803058,-0.735455569284702,-0.587704222664933
