genes,HiT,LpH,Osm
KMXK0F03890,0.771007612041007,1.24932730792788,2.68494059424142
