genes,HiT,LpH
YALI1_A15105g,1.18238543529517,1.793314471614
YALI1_E17389g,1.092138404318,1.32674355131819
