genes,HiT,LpH
YALI1_E41251g,-2.43132831722739,-2.28213873807412
YALI1_E24343g,-1.47416257571629,-1.37790736565663
