genes,HiT,LpH,Osm
CENPK1137D_2050,1.34633253614741,1.55460284803954,1.61536181884516
CENPK1137D_888,1.33311231660259,0.885702671791198,1.06151727828386
CENPK1137D_2396,0.842001624802456,1.14303192163761,1.14121774714813
