genes,HiT,LpH,Osm
CENPK1137D_5307,1.46502989178577,1.52760028898298,2.64646218550585
CENPK1137D_2050,1.30761954918163,1.48313860421185,1.55022434019482
CENPK1137D_2396,0.793024410566225,0.852491159738059,1.0932904163423
