genes,HiT,LpH,Osm
CENPK1137D_888,1.33387474174157,1.5676439075948,1.60447153877327
CENPK1137D_2050,1.34544147854602,0.899301567572416,2.48449226436758
CENPK1137D_2396,0.842126305032729,1.44629144927134,1.12598556162646
CENPK1137D_5307,1.37212702319414,1.15635315484087,1.04851036726686
