genes,HiT,LpH
YALI1_A15105g,1.15464879712242,1.80546773713629
YALI1_E17389g,1.06878718975334,1.33580681480513
