genes,HiT,LpH
YALI1_E41251g,-2.4575520261624,-2.2677161872593
YALI1_E24343g,-1.49749681608571,-1.36414389892712
