genes,HiT,LpH,Osm
CENPK1137D_44,-1.39907201423439,-1.0485633128345,-1.44279748163968
