genes,HiT,LpH,Osm
KMXK_0C03420,-2.91020668330646,-1.59072578725036,-5.99174669417383
KMXK_0A02940,-4.24092551423369,-1.81172682167321,-2.80289310282734
KMXK_0H02920,-2.05728379602908,-2.16064603052424,-1.42587474262724
KMXK_0B01120,-3.13324669792063,-1.23660291957204,-2.92447381669918
