genes,HiT,LpH,Osm
KMXK0C03420,-1.58014175542667,-1.86069251902421,-3.09661396757622
KMXK0B01120,-3.10218292314584,-2.11244559162433,-2.24566644982139
KMXK0A02950,-1.84709246097284,-1.07798740388782,-2.20210082519146
KMXK0B04680,-1.36138906070213,-1.32259027622814,-2.78409840270684
KMXK0C03250,-1.53184407790178,-1.34779103291031,-1.75401112975436
