genes,HiT,LpH,Osm
CENPK1137D_2827,-1.83611071732431,-1.12574603180577,-1.18941656768542
CENPK1137D_1249,-1.04165982249526,-1.04216471397043,-1.25320447252518
CENPK1137D_2671,-1.02991960379193,-1.13931751689458,-1.20566436846739
CENPK1137D_4784,-1.3095810885345,-1.36202258037594,-1.1336871306457
