genes,HiT,LpH,Osm
YIL138C,1.69532700934658,0.970797691719783,0.876723576561996
YFR001W,0.836464643304159,0.776832886994285,0.578550358947798
YOL032W,0.64057722074726,0.524442367471205,0.917650840169107
YLR231C,0.795773135610959,0.706981345541202,0.851524478601715
YOR123C,0.656448591907862,0.600010953178369,0.582224692841702
