genes,HiT,LpH,Osm
CENPK1137D_2661,2.50482175982246,2.88330477073275,2.01189912938619
CENPK1137D_4002,1.22657060786011,1.35908925879725,1.57508095461614
